iter	MultiClass
0	0.6516037343
1	0.462977048
2	0.3115132172
3	0.2081365539
4	0.1470661045
